source_artifact,schema_version,method,seed,run_segment,global_step,wall_time_seconds,event_type,state_role,total_active_rank,active_model_parameter_count,runtime_trainable_parameter_count,full_model_parameter_count,physical_rank_component_count,target_active_parameter_count,selected_event_rank,allocation_stopped,stop_reason
NLU/output/glue/rte_allocator/genetic_budgeted_calibrated/ali_last_seed41_budget0.94/telemetry.jsonl,rank_telemetry.v1,genetic_budgeted_calibrated,41,0,0,1.2126533549999294,run_start,initial_trajectory,72,758090,923978,184755674,144,,,,
NLU/output/glue/rte_allocator/genetic_budgeted_calibrated/ali_last_seed41_budget0.94/telemetry.jsonl,rank_telemetry.v1,genetic_budgeted_calibrated,41,0,200,186.24985137400017,allocation_event,trajectory,77,770383,936271,184767967,149,868607,5,false,
NLU/output/glue/rte_allocator/genetic_budgeted_calibrated/ali_last_seed41_budget0.94/telemetry.jsonl,rank_telemetry.v1,genetic_budgeted_calibrated,41,0,300,287.74054733400044,allocation_event,trajectory,78,771920,937808,184769504,150,868607,1,false,
NLU/output/glue/rte_allocator/genetic_budgeted_calibrated/ali_last_seed41_budget0.94/telemetry.jsonl,rank_telemetry.v1,genetic_budgeted_calibrated,41,0,400,391.9427682080004,allocation_event,trajectory,79,773457,939345,184771041,151,868607,1,false,
NLU/output/glue/rte_allocator/genetic_budgeted_calibrated/ali_last_seed41_budget0.94/telemetry.jsonl,rank_telemetry.v1,genetic_budgeted_calibrated,41,0,500,493.6615230719999,allocation_event,trajectory,80,777298,943186,184774882,152,868607,1,false,
NLU/output/glue/rte_allocator/genetic_budgeted_calibrated/ali_last_seed41_budget0.94/telemetry.jsonl,rank_telemetry.v1,genetic_budgeted_calibrated,41,0,600,593.4023707269998,allocation_event,trajectory,81,778835,944723,184776419,153,868607,1,false,
NLU/output/glue/rte_allocator/genetic_budgeted_calibrated/ali_last_seed41_budget0.94/telemetry.jsonl,rank_telemetry.v1,genetic_budgeted_calibrated,41,0,700,697.6184196739996,allocation_event,trajectory,86,795736,961624,184793320,158,868607,5,false,
NLU/output/glue/rte_allocator/genetic_budgeted_calibrated/ali_last_seed41_budget0.94/telemetry.jsonl,rank_telemetry.v1,genetic_budgeted_calibrated,41,0,800,798.3761323190001,allocation_event,trajectory,87,799577,965465,184797161,159,868607,1,false,
NLU/output/glue/rte_allocator/genetic_budgeted_calibrated/ali_last_seed41_budget0.94/telemetry.jsonl,rank_telemetry.v1,genetic_budgeted_calibrated,41,0,900,902.5417846460005,allocation_event,trajectory,87,799577,965465,184797161,159,868607,0,false,
NLU/output/glue/rte_allocator/genetic_budgeted_calibrated/ali_last_seed41_budget0.94/telemetry.jsonl,rank_telemetry.v1,genetic_budgeted_calibrated,41,0,1000,1005.4640539809998,allocation_event,trajectory,88,801114,967002,184798698,160,868607,1,false,
NLU/output/glue/rte_allocator/genetic_budgeted_calibrated/ali_last_seed41_budget0.94/telemetry.jsonl,rank_telemetry.v1,genetic_budgeted_calibrated,41,0,1100,1109.4239066549999,allocation_event,trajectory,90,806492,972380,184804076,162,868607,2,false,
NLU/output/glue/rte_allocator/genetic_budgeted_calibrated/ali_last_seed41_budget0.94/telemetry.jsonl,rank_telemetry.v1,genetic_budgeted_calibrated,41,0,1200,1212.9907381880003,allocation_event,trajectory,95,816481,982369,184814065,167,868607,5,false,
NLU/output/glue/rte_allocator/genetic_budgeted_calibrated/ali_last_seed41_budget0.94/telemetry.jsonl,rank_telemetry.v1,genetic_budgeted_calibrated,41,0,1300,1315.4087185380004,allocation_event,trajectory,97,821859,987747,184819443,169,868607,2,false,
NLU/output/glue/rte_allocator/genetic_budgeted_calibrated/ali_last_seed41_budget0.94/telemetry.jsonl,rank_telemetry.v1,genetic_budgeted_calibrated,41,0,1400,1415.3586830659997,allocation_event,trajectory,102,836456,1002344,184834040,174,868607,5,false,
NLU/output/glue/rte_allocator/genetic_budgeted_calibrated/ali_last_seed41_budget0.94/telemetry.jsonl,rank_telemetry.v1,genetic_budgeted_calibrated,41,0,1500,1514.528217008,allocation_event,trajectory,102,836456,1002344,184834040,174,868607,0,false,
NLU/output/glue/rte_allocator/genetic_budgeted_calibrated/ali_last_seed41_budget0.94/telemetry.jsonl,rank_telemetry.v1,genetic_budgeted_calibrated,41,0,1600,1616.4129149769997,allocation_event,trajectory,107,853357,1019245,184850941,179,868607,5,false,
NLU/output/glue/rte_allocator/genetic_budgeted_calibrated/ali_last_seed41_budget0.94/telemetry.jsonl,rank_telemetry.v1,genetic_budgeted_calibrated,41,0,1650,1654.76401729,allocator_stop,trajectory,107,853357,853357,184850941,179,868607,,true,minimum_consolidation_window
NLU/output/glue/rte_allocator/genetic_budgeted_calibrated/ali_last_seed41_budget0.94/telemetry.jsonl,rank_telemetry.v1,genetic_budgeted_calibrated,41,0,1700,1695.615430103,allocation_event,trajectory,107,853357,853357,184850941,179,868607,0,true,minimum_consolidation_window
NLU/output/glue/rte_allocator/genetic_budgeted_calibrated/ali_last_seed41_budget0.94/telemetry.jsonl,rank_telemetry.v1,genetic_budgeted_calibrated,41,0,1800,1770.452446102,allocation_event,trajectory,107,853357,853357,184850941,179,868607,0,true,minimum_consolidation_window
NLU/output/glue/rte_allocator/genetic_budgeted_calibrated/ali_last_seed41_budget0.94/telemetry.jsonl,rank_telemetry.v1,genetic_budgeted_calibrated,41,0,1900,1848.2074815160004,allocation_event,trajectory,107,853357,853357,184850941,179,868607,0,true,minimum_consolidation_window
NLU/output/glue/rte_allocator/genetic_budgeted_calibrated/ali_last_seed41_budget0.94/telemetry.jsonl,rank_telemetry.v1,genetic_budgeted_calibrated,41,0,1950,1895.2583562170003,run_end,selected_best_checkpoint,102,836456,1002344,184834040,174,868607,,,
NLU/output/glue/rte_allocator/genetic_budgeted_calibrated/ali_last_seed41_budget0.94/telemetry.jsonl,rank_telemetry.v1,genetic_budgeted_calibrated,41,0,1950,1895.2583562170003,run_end,final_trajectory,107,853357,853357,184850941,179,868607,,,
NLU/output/glue/rte_allocator/genetic_budgeted_calibrated/ali_last_seed42_budget0.94/telemetry.jsonl,rank_telemetry.v1,genetic_budgeted_calibrated,42,0,0,1.2616189049995228,run_start,initial_trajectory,72,758090,923978,184755674,144,,,,
NLU/output/glue/rte_allocator/genetic_budgeted_calibrated/ali_last_seed42_budget0.94/telemetry.jsonl,rank_telemetry.v1,genetic_budgeted_calibrated,42,0,200,187.64842321000015,allocation_event,trajectory,72,758090,923978,184755674,144,883767,0,false,
NLU/output/glue/rte_allocator/genetic_budgeted_calibrated/ali_last_seed42_budget0.94/telemetry.jsonl,rank_telemetry.v1,genetic_budgeted_calibrated,42,0,300,293.0669973889999,allocation_event,trajectory,72,758090,758090,184755674,144,883767,0,true,zero_rank_patience_exhausted
NLU/output/glue/rte_allocator/genetic_budgeted_calibrated/ali_last_seed42_budget0.94/telemetry.jsonl,rank_telemetry.v1,genetic_budgeted_calibrated,42,0,300,293.0891448149996,allocator_stop,trajectory,72,758090,758090,184755674,144,883767,,true,zero_rank_patience_exhausted
NLU/output/glue/rte_allocator/genetic_budgeted_calibrated/ali_last_seed42_budget0.94/telemetry.jsonl,rank_telemetry.v1,genetic_budgeted_calibrated,42,0,400,370.75645180599986,allocation_event,trajectory,72,758090,758090,184755674,144,883767,0,true,zero_rank_patience_exhausted
NLU/output/glue/rte_allocator/genetic_budgeted_calibrated/ali_last_seed42_budget0.94/telemetry.jsonl,rank_telemetry.v1,genetic_budgeted_calibrated,42,0,500,448.23442805300056,allocation_event,trajectory,72,758090,758090,184755674,144,883767,0,true,zero_rank_patience_exhausted
NLU/output/glue/rte_allocator/genetic_budgeted_calibrated/ali_last_seed42_budget0.94/telemetry.jsonl,rank_telemetry.v1,genetic_budgeted_calibrated,42,0,600,528.635077422,allocation_event,trajectory,72,758090,758090,184755674,144,883767,0,true,zero_rank_patience_exhausted
NLU/output/glue/rte_allocator/genetic_budgeted_calibrated/ali_last_seed42_budget0.94/telemetry.jsonl,rank_telemetry.v1,genetic_budgeted_calibrated,42,0,700,606.5905651879993,allocation_event,trajectory,72,758090,758090,184755674,144,883767,0,true,zero_rank_patience_exhausted
NLU/output/glue/rte_allocator/genetic_budgeted_calibrated/ali_last_seed42_budget0.94/telemetry.jsonl,rank_telemetry.v1,genetic_budgeted_calibrated,42,0,800,683.2512663059997,allocation_event,trajectory,72,758090,758090,184755674,144,883767,0,true,zero_rank_patience_exhausted
NLU/output/glue/rte_allocator/genetic_budgeted_calibrated/ali_last_seed42_budget0.94/telemetry.jsonl,rank_telemetry.v1,genetic_budgeted_calibrated,42,0,900,764.297408125999,allocation_event,trajectory,72,758090,758090,184755674,144,883767,0,true,zero_rank_patience_exhausted
NLU/output/glue/rte_allocator/genetic_budgeted_calibrated/ali_last_seed42_budget0.94/telemetry.jsonl,rank_telemetry.v1,genetic_budgeted_calibrated,42,0,1000,841.9282577559998,allocation_event,trajectory,72,758090,758090,184755674,144,883767,0,true,zero_rank_patience_exhausted
NLU/output/glue/rte_allocator/genetic_budgeted_calibrated/ali_last_seed42_budget0.94/telemetry.jsonl,rank_telemetry.v1,genetic_budgeted_calibrated,42,0,1100,918.4007724270004,allocation_event,trajectory,72,758090,758090,184755674,144,883767,0,true,zero_rank_patience_exhausted
NLU/output/glue/rte_allocator/genetic_budgeted_calibrated/ali_last_seed42_budget0.94/telemetry.jsonl,rank_telemetry.v1,genetic_budgeted_calibrated,42,0,1200,998.1062547419997,allocation_event,trajectory,72,758090,758090,184755674,144,883767,0,true,zero_rank_patience_exhausted
NLU/output/glue/rte_allocator/genetic_budgeted_calibrated/ali_last_seed42_budget0.94/telemetry.jsonl,rank_telemetry.v1,genetic_budgeted_calibrated,42,0,1300,1078.2647051960002,allocation_event,trajectory,72,758090,758090,184755674,144,883767,0,true,zero_rank_patience_exhausted
NLU/output/glue/rte_allocator/genetic_budgeted_calibrated/ali_last_seed42_budget0.94/telemetry.jsonl,rank_telemetry.v1,genetic_budgeted_calibrated,42,0,1400,1155.9212556510001,allocation_event,trajectory,72,758090,758090,184755674,144,883767,0,true,zero_rank_patience_exhausted
NLU/output/glue/rte_allocator/genetic_budgeted_calibrated/ali_last_seed42_budget0.94/telemetry.jsonl,rank_telemetry.v1,genetic_budgeted_calibrated,42,0,1500,1235.550824982999,allocation_event,trajectory,72,758090,758090,184755674,144,883767,0,true,zero_rank_patience_exhausted
NLU/output/glue/rte_allocator/genetic_budgeted_calibrated/ali_last_seed42_budget0.94/telemetry.jsonl,rank_telemetry.v1,genetic_budgeted_calibrated,42,0,1600,1315.4916622279989,allocation_event,trajectory,72,758090,758090,184755674,144,883767,0,true,zero_rank_patience_exhausted
NLU/output/glue/rte_allocator/genetic_budgeted_calibrated/ali_last_seed42_budget0.94/telemetry.jsonl,rank_telemetry.v1,genetic_budgeted_calibrated,42,0,1700,1391.9798138439992,allocation_event,trajectory,72,758090,758090,184755674,144,883767,0,true,zero_rank_patience_exhausted
NLU/output/glue/rte_allocator/genetic_budgeted_calibrated/ali_last_seed42_budget0.94/telemetry.jsonl,rank_telemetry.v1,genetic_budgeted_calibrated,42,0,1800,1470.4423758090006,allocation_event,trajectory,72,758090,758090,184755674,144,883767,0,true,zero_rank_patience_exhausted
NLU/output/glue/rte_allocator/genetic_budgeted_calibrated/ali_last_seed42_budget0.94/telemetry.jsonl,rank_telemetry.v1,genetic_budgeted_calibrated,42,0,1900,1551.3688517990004,allocation_event,trajectory,72,758090,758090,184755674,144,883767,0,true,zero_rank_patience_exhausted
NLU/output/glue/rte_allocator/genetic_budgeted_calibrated/ali_last_seed42_budget0.94/telemetry.jsonl,rank_telemetry.v1,genetic_budgeted_calibrated,42,0,1950,1596.9486653249996,run_end,selected_best_checkpoint,72,758090,758090,184755674,144,883767,,,
NLU/output/glue/rte_allocator/genetic_budgeted_calibrated/ali_last_seed42_budget0.94/telemetry.jsonl,rank_telemetry.v1,genetic_budgeted_calibrated,42,0,1950,1596.9486653249996,run_end,final_trajectory,72,758090,758090,184755674,144,883767,,,
NLU/output/glue/rte_allocator/genetic_budgeted_calibrated/ali_last_seed43_budget0.94/telemetry.jsonl,rank_telemetry.v1,genetic_budgeted_calibrated,43,0,0,1.2072992730008991,run_start,initial_trajectory,72,758090,923978,184755674,144,,,,
NLU/output/glue/rte_allocator/genetic_budgeted_calibrated/ali_last_seed43_budget0.94/telemetry.jsonl,rank_telemetry.v1,genetic_budgeted_calibrated,43,0,200,190.7274038989999,allocation_event,trajectory,74,763468,929356,184761052,146,879435,2,false,
NLU/output/glue/rte_allocator/genetic_budgeted_calibrated/ali_last_seed43_budget0.94/telemetry.jsonl,rank_telemetry.v1,genetic_budgeted_calibrated,43,0,300,294.49221433599996,allocation_event,trajectory,75,767309,933197,184764893,147,879435,1,false,
NLU/output/glue/rte_allocator/genetic_budgeted_calibrated/ali_last_seed43_budget0.94/telemetry.jsonl,rank_telemetry.v1,genetic_budgeted_calibrated,43,0,400,398.67412387900004,allocation_event,trajectory,78,771920,937808,184769504,150,879435,3,false,
NLU/output/glue/rte_allocator/genetic_budgeted_calibrated/ali_last_seed43_budget0.94/telemetry.jsonl,rank_telemetry.v1,genetic_budgeted_calibrated,43,0,500,504.530197985001,allocation_event,trajectory,78,771920,937808,184769504,150,879435,0,false,
NLU/output/glue/rte_allocator/genetic_budgeted_calibrated/ali_last_seed43_budget0.94/telemetry.jsonl,rank_telemetry.v1,genetic_budgeted_calibrated,43,0,600,609.2429464720008,allocation_event,trajectory,80,777298,943186,184774882,152,879435,2,false,
NLU/output/glue/rte_allocator/genetic_budgeted_calibrated/ali_last_seed43_budget0.94/telemetry.jsonl,rank_telemetry.v1,genetic_budgeted_calibrated,43,0,700,712.7253387729997,allocation_event,trajectory,81,781139,947027,184778723,153,879435,1,false,
NLU/output/glue/rte_allocator/genetic_budgeted_calibrated/ali_last_seed43_budget0.94/telemetry.jsonl,rank_telemetry.v1,genetic_budgeted_calibrated,43,0,800,814.9545331080008,allocation_event,trajectory,82,782676,948564,184780260,154,879435,1,false,
NLU/output/glue/rte_allocator/genetic_budgeted_calibrated/ali_last_seed43_budget0.94/telemetry.jsonl,rank_telemetry.v1,genetic_budgeted_calibrated,43,0,900,921.1227553360004,allocation_event,trajectory,84,788054,953942,184785638,156,879435,2,false,
NLU/output/glue/rte_allocator/genetic_budgeted_calibrated/ali_last_seed43_budget0.94/telemetry.jsonl,rank_telemetry.v1,genetic_budgeted_calibrated,43,0,1000,1022.7910541550009,allocation_event,trajectory,89,804955,970843,184802539,161,879435,5,false,
NLU/output/glue/rte_allocator/genetic_budgeted_calibrated/ali_last_seed43_budget0.94/telemetry.jsonl,rank_telemetry.v1,genetic_budgeted_calibrated,43,0,1100,1129.1785213580006,allocation_event,trajectory,90,806492,972380,184804076,162,879435,1,false,
NLU/output/glue/rte_allocator/genetic_budgeted_calibrated/ali_last_seed43_budget0.94/telemetry.jsonl,rank_telemetry.v1,genetic_budgeted_calibrated,43,0,1200,1234.8303875729998,allocation_event,trajectory,90,806492,972380,184804076,162,879435,0,false,
NLU/output/glue/rte_allocator/genetic_budgeted_calibrated/ali_last_seed43_budget0.94/telemetry.jsonl,rank_telemetry.v1,genetic_budgeted_calibrated,43,0,1300,1343.0386963370001,allocation_event,trajectory,90,806492,806492,184804076,162,879435,0,true,zero_rank_patience_exhausted
NLU/output/glue/rte_allocator/genetic_budgeted_calibrated/ali_last_seed43_budget0.94/telemetry.jsonl,rank_telemetry.v1,genetic_budgeted_calibrated,43,0,1300,1343.0655591370014,allocator_stop,trajectory,90,806492,806492,184804076,162,879435,,true,zero_rank_patience_exhausted
NLU/output/glue/rte_allocator/genetic_budgeted_calibrated/ali_last_seed43_budget0.94/telemetry.jsonl,rank_telemetry.v1,genetic_budgeted_calibrated,43,0,1400,1423.7519285899998,allocation_event,trajectory,90,806492,806492,184804076,162,879435,0,true,zero_rank_patience_exhausted
NLU/output/glue/rte_allocator/genetic_budgeted_calibrated/ali_last_seed43_budget0.94/telemetry.jsonl,rank_telemetry.v1,genetic_budgeted_calibrated,43,0,1500,1501.3335563400015,allocation_event,trajectory,90,806492,806492,184804076,162,879435,0,true,zero_rank_patience_exhausted
NLU/output/glue/rte_allocator/genetic_budgeted_calibrated/ali_last_seed43_budget0.94/telemetry.jsonl,rank_telemetry.v1,genetic_budgeted_calibrated,43,0,1600,1579.7523594800005,allocation_event,trajectory,90,806492,806492,184804076,162,879435,0,true,zero_rank_patience_exhausted
NLU/output/glue/rte_allocator/genetic_budgeted_calibrated/ali_last_seed43_budget0.94/telemetry.jsonl,rank_telemetry.v1,genetic_budgeted_calibrated,43,0,1700,1660.7903619490007,allocation_event,trajectory,90,806492,806492,184804076,162,879435,0,true,zero_rank_patience_exhausted
NLU/output/glue/rte_allocator/genetic_budgeted_calibrated/ali_last_seed43_budget0.94/telemetry.jsonl,rank_telemetry.v1,genetic_budgeted_calibrated,43,0,1800,1738.8396643550004,allocation_event,trajectory,90,806492,806492,184804076,162,879435,0,true,zero_rank_patience_exhausted
NLU/output/glue/rte_allocator/genetic_budgeted_calibrated/ali_last_seed43_budget0.94/telemetry.jsonl,rank_telemetry.v1,genetic_budgeted_calibrated,43,0,1900,1817.441480304,allocation_event,trajectory,90,806492,806492,184804076,162,879435,0,true,zero_rank_patience_exhausted
NLU/output/glue/rte_allocator/genetic_budgeted_calibrated/ali_last_seed43_budget0.94/telemetry.jsonl,rank_telemetry.v1,genetic_budgeted_calibrated,43,0,1950,1865.4017856680002,run_end,selected_best_checkpoint,78,771920,937808,184769504,150,879435,,,
NLU/output/glue/rte_allocator/genetic_budgeted_calibrated/ali_last_seed43_budget0.94/telemetry.jsonl,rank_telemetry.v1,genetic_budgeted_calibrated,43,0,1950,1865.4017856680002,run_end,final_trajectory,90,806492,806492,184804076,162,879435,,,
NLU/output/glue/rte_allocator/genetic_budgeted_calibrated/ali_last_seed44_budget0.94/telemetry.jsonl,rank_telemetry.v1,genetic_budgeted_calibrated,44,0,0,1.1692119350009307,run_start,initial_trajectory,72,758090,923978,184755674,144,,,,
NLU/output/glue/rte_allocator/genetic_budgeted_calibrated/ali_last_seed44_budget0.94/telemetry.jsonl,rank_telemetry.v1,genetic_budgeted_calibrated,44,0,200,188.55298370499986,allocation_event,trajectory,77,770383,936271,184767967,149,879435,5,false,
NLU/output/glue/rte_allocator/genetic_budgeted_calibrated/ali_last_seed44_budget0.94/telemetry.jsonl,rank_telemetry.v1,genetic_budgeted_calibrated,44,0,300,296.8629034450005,allocation_event,trajectory,80,777298,943186,184774882,152,879435,3,false,
NLU/output/glue/rte_allocator/genetic_budgeted_calibrated/ali_last_seed44_budget0.94/telemetry.jsonl,rank_telemetry.v1,genetic_budgeted_calibrated,44,0,400,399.45945131900044,allocation_event,trajectory,83,784213,950101,184781797,155,879435,3,false,
NLU/output/glue/rte_allocator/genetic_budgeted_calibrated/ali_last_seed44_budget0.94/telemetry.jsonl,rank_telemetry.v1,genetic_budgeted_calibrated,44,0,500,509.43789717800064,allocation_event,trajectory,88,798810,964698,184796394,160,879435,5,false,
NLU/output/glue/rte_allocator/genetic_budgeted_calibrated/ali_last_seed44_budget0.94/telemetry.jsonl,rank_telemetry.v1,genetic_budgeted_calibrated,44,0,600,613.8220518510007,allocation_event,trajectory,93,811103,976991,184808687,165,879435,5,false,
NLU/output/glue/rte_allocator/genetic_budgeted_calibrated/ali_last_seed44_budget0.94/telemetry.jsonl,rank_telemetry.v1,genetic_budgeted_calibrated,44,0,700,720.472477450001,allocation_event,trajectory,93,811103,976991,184808687,165,879435,0,false,
NLU/output/glue/rte_allocator/genetic_budgeted_calibrated/ali_last_seed44_budget0.94/telemetry.jsonl,rank_telemetry.v1,genetic_budgeted_calibrated,44,0,800,827.2030935620005,allocation_event,trajectory,94,812640,978528,184810224,166,879435,1,false,
NLU/output/glue/rte_allocator/genetic_budgeted_calibrated/ali_last_seed44_budget0.94/telemetry.jsonl,rank_telemetry.v1,genetic_budgeted_calibrated,44,0,900,933.0779362680005,allocation_event,trajectory,94,812640,978528,184810224,166,879435,0,false,
NLU/output/glue/rte_allocator/genetic_budgeted_calibrated/ali_last_seed44_budget0.94/telemetry.jsonl,rank_telemetry.v1,genetic_budgeted_calibrated,44,0,1000,1042.1218913030007,allocation_event,trajectory,94,812640,812640,184810224,166,879435,0,true,zero_rank_patience_exhausted
NLU/output/glue/rte_allocator/genetic_budgeted_calibrated/ali_last_seed44_budget0.94/telemetry.jsonl,rank_telemetry.v1,genetic_budgeted_calibrated,44,0,1000,1042.1434456770003,allocator_stop,trajectory,94,812640,812640,184810224,166,879435,,true,zero_rank_patience_exhausted
NLU/output/glue/rte_allocator/genetic_budgeted_calibrated/ali_last_seed44_budget0.94/telemetry.jsonl,rank_telemetry.v1,genetic_budgeted_calibrated,44,0,1100,1120.8021274740004,allocation_event,trajectory,94,812640,812640,184810224,166,879435,0,true,zero_rank_patience_exhausted
NLU/output/glue/rte_allocator/genetic_budgeted_calibrated/ali_last_seed44_budget0.94/telemetry.jsonl,rank_telemetry.v1,genetic_budgeted_calibrated,44,0,1200,1201.4129340430009,allocation_event,trajectory,94,812640,812640,184810224,166,879435,0,true,zero_rank_patience_exhausted
NLU/output/glue/rte_allocator/genetic_budgeted_calibrated/ali_last_seed44_budget0.94/telemetry.jsonl,rank_telemetry.v1,genetic_budgeted_calibrated,44,0,1300,1285.133450808,allocation_event,trajectory,94,812640,812640,184810224,166,879435,0,true,zero_rank_patience_exhausted
NLU/output/glue/rte_allocator/genetic_budgeted_calibrated/ali_last_seed44_budget0.94/telemetry.jsonl,rank_telemetry.v1,genetic_budgeted_calibrated,44,0,1400,1363.746147195001,allocation_event,trajectory,94,812640,812640,184810224,166,879435,0,true,zero_rank_patience_exhausted
NLU/output/glue/rte_allocator/genetic_budgeted_calibrated/ali_last_seed44_budget0.94/telemetry.jsonl,rank_telemetry.v1,genetic_budgeted_calibrated,44,0,1500,1443.7657741470011,allocation_event,trajectory,94,812640,812640,184810224,166,879435,0,true,zero_rank_patience_exhausted
NLU/output/glue/rte_allocator/genetic_budgeted_calibrated/ali_last_seed44_budget0.94/telemetry.jsonl,rank_telemetry.v1,genetic_budgeted_calibrated,44,0,1600,1526.8908837060007,allocation_event,trajectory,94,812640,812640,184810224,166,879435,0,true,zero_rank_patience_exhausted
NLU/output/glue/rte_allocator/genetic_budgeted_calibrated/ali_last_seed44_budget0.94/telemetry.jsonl,rank_telemetry.v1,genetic_budgeted_calibrated,44,0,1700,1606.5161867690003,allocation_event,trajectory,94,812640,812640,184810224,166,879435,0,true,zero_rank_patience_exhausted
NLU/output/glue/rte_allocator/genetic_budgeted_calibrated/ali_last_seed44_budget0.94/telemetry.jsonl,rank_telemetry.v1,genetic_budgeted_calibrated,44,0,1800,1685.0250047549998,allocation_event,trajectory,94,812640,812640,184810224,166,879435,0,true,zero_rank_patience_exhausted
NLU/output/glue/rte_allocator/genetic_budgeted_calibrated/ali_last_seed44_budget0.94/telemetry.jsonl,rank_telemetry.v1,genetic_budgeted_calibrated,44,0,1900,1764.1154400289997,allocation_event,trajectory,94,812640,812640,184810224,166,879435,0,true,zero_rank_patience_exhausted
NLU/output/glue/rte_allocator/genetic_budgeted_calibrated/ali_last_seed44_budget0.94/telemetry.jsonl,rank_telemetry.v1,genetic_budgeted_calibrated,44,0,1950,1811.171247002001,run_end,selected_best_checkpoint,93,811103,976991,184808687,165,879435,,,
NLU/output/glue/rte_allocator/genetic_budgeted_calibrated/ali_last_seed44_budget0.94/telemetry.jsonl,rank_telemetry.v1,genetic_budgeted_calibrated,44,0,1950,1811.171247002001,run_end,final_trajectory,94,812640,812640,184810224,166,879435,,,
NLU/output/glue/rte_allocator/genetic_budgeted_calibrated/ali_last_seed45_budget0.94/telemetry.jsonl,rank_telemetry.v1,genetic_budgeted_calibrated,45,0,0,1.24243896400003,run_start,initial_trajectory,72,758090,923978,184755674,144,,,,
NLU/output/glue/rte_allocator/genetic_budgeted_calibrated/ali_last_seed45_budget0.94/telemetry.jsonl,rank_telemetry.v1,genetic_budgeted_calibrated,45,0,200,188.1625049310005,allocation_event,trajectory,75,762701,928589,184760285,147,877270,3,false,
NLU/output/glue/rte_allocator/genetic_budgeted_calibrated/ali_last_seed45_budget0.94/telemetry.jsonl,rank_telemetry.v1,genetic_budgeted_calibrated,45,0,300,289.5959263530003,allocation_event,trajectory,75,762701,928589,184760285,147,877270,0,false,
NLU/output/glue/rte_allocator/genetic_budgeted_calibrated/ali_last_seed45_budget0.94/telemetry.jsonl,rank_telemetry.v1,genetic_budgeted_calibrated,45,0,400,395.07461313100066,allocation_event,trajectory,78,771920,937808,184769504,150,877270,3,false,
NLU/output/glue/rte_allocator/genetic_budgeted_calibrated/ali_last_seed45_budget0.94/telemetry.jsonl,rank_telemetry.v1,genetic_budgeted_calibrated,45,0,500,499.6730419310006,allocation_event,trajectory,79,773457,939345,184771041,151,877270,1,false,
NLU/output/glue/rte_allocator/genetic_budgeted_calibrated/ali_last_seed45_budget0.94/telemetry.jsonl,rank_telemetry.v1,genetic_budgeted_calibrated,45,0,600,600.3304230760004,allocation_event,trajectory,84,790358,956246,184787942,156,877270,5,false,
NLU/output/glue/rte_allocator/genetic_budgeted_calibrated/ali_last_seed45_budget0.94/telemetry.jsonl,rank_telemetry.v1,genetic_budgeted_calibrated,45,0,700,707.6649290620007,allocation_event,trajectory,89,804955,970843,184802539,161,877270,5,false,
NLU/output/glue/rte_allocator/genetic_budgeted_calibrated/ali_last_seed45_budget0.94/telemetry.jsonl,rank_telemetry.v1,genetic_budgeted_calibrated,45,0,800,810.085940672001,allocation_event,trajectory,93,813407,979295,184810991,165,877270,4,false,
NLU/output/glue/rte_allocator/genetic_budgeted_calibrated/ali_last_seed45_budget0.94/telemetry.jsonl,rank_telemetry.v1,genetic_budgeted_calibrated,45,0,900,914.5792935590016,allocation_event,trajectory,94,814944,980832,184812528,166,877270,1,false,
NLU/output/glue/rte_allocator/genetic_budgeted_calibrated/ali_last_seed45_budget0.94/telemetry.jsonl,rank_telemetry.v1,genetic_budgeted_calibrated,45,0,1000,1020.2968575210016,allocation_event,trajectory,95,816481,982369,184814065,167,877270,1,false,
NLU/output/glue/rte_allocator/genetic_budgeted_calibrated/ali_last_seed45_budget0.94/telemetry.jsonl,rank_telemetry.v1,genetic_budgeted_calibrated,45,0,1100,1126.2055922500003,allocation_event,trajectory,97,821859,987747,184819443,169,877270,2,false,
NLU/output/glue/rte_allocator/genetic_budgeted_calibrated/ali_last_seed45_budget0.94/telemetry.jsonl,rank_telemetry.v1,genetic_budgeted_calibrated,45,0,1200,1232.4944035070002,allocation_event,trajectory,97,821859,987747,184819443,169,877270,0,false,
NLU/output/glue/rte_allocator/genetic_budgeted_calibrated/ali_last_seed45_budget0.94/telemetry.jsonl,rank_telemetry.v1,genetic_budgeted_calibrated,45,0,1300,1337.0066813180001,allocation_event,trajectory,98,823396,989284,184820980,170,877270,1,false,
NLU/output/glue/rte_allocator/genetic_budgeted_calibrated/ali_last_seed45_budget0.94/telemetry.jsonl,rank_telemetry.v1,genetic_budgeted_calibrated,45,0,1400,1446.0632383500015,allocation_event,trajectory,99,824933,990821,184822517,171,877270,1,false,
NLU/output/glue/rte_allocator/genetic_budgeted_calibrated/ali_last_seed45_budget0.94/telemetry.jsonl,rank_telemetry.v1,genetic_budgeted_calibrated,45,0,1500,1548.4026009380013,allocation_event,trajectory,103,835689,1001577,184833273,175,877270,4,false,
NLU/output/glue/rte_allocator/genetic_budgeted_calibrated/ali_last_seed45_budget0.94/telemetry.jsonl,rank_telemetry.v1,genetic_budgeted_calibrated,45,0,1600,1654.5450389320013,allocation_event,trajectory,103,835689,1001577,184833273,175,877270,0,false,
NLU/output/glue/rte_allocator/genetic_budgeted_calibrated/ali_last_seed45_budget0.94/telemetry.jsonl,rank_telemetry.v1,genetic_budgeted_calibrated,45,0,1650,1694.7531579360002,allocator_stop,trajectory,103,835689,835689,184833273,175,877270,,true,minimum_consolidation_window
NLU/output/glue/rte_allocator/genetic_budgeted_calibrated/ali_last_seed45_budget0.94/telemetry.jsonl,rank_telemetry.v1,genetic_budgeted_calibrated,45,0,1700,1737.056514793001,allocation_event,trajectory,103,835689,835689,184833273,175,877270,0,true,minimum_consolidation_window
NLU/output/glue/rte_allocator/genetic_budgeted_calibrated/ali_last_seed45_budget0.94/telemetry.jsonl,rank_telemetry.v1,genetic_budgeted_calibrated,45,0,1800,1814.886108058001,allocation_event,trajectory,103,835689,835689,184833273,175,877270,0,true,minimum_consolidation_window
NLU/output/glue/rte_allocator/genetic_budgeted_calibrated/ali_last_seed45_budget0.94/telemetry.jsonl,rank_telemetry.v1,genetic_budgeted_calibrated,45,0,1900,1896.3232843560017,allocation_event,trajectory,103,835689,835689,184833273,175,877270,0,true,minimum_consolidation_window
NLU/output/glue/rte_allocator/genetic_budgeted_calibrated/ali_last_seed45_budget0.94/telemetry.jsonl,rank_telemetry.v1,genetic_budgeted_calibrated,45,0,1950,1944.222504503001,run_end,selected_best_checkpoint,103,835689,1001577,184833273,175,877270,,,
NLU/output/glue/rte_allocator/genetic_budgeted_calibrated/ali_last_seed45_budget0.94/telemetry.jsonl,rank_telemetry.v1,genetic_budgeted_calibrated,45,0,1950,1944.222504503001,run_end,final_trajectory,103,835689,835689,184833273,175,877270,,,
NLU/output/glue/rte_allocator/genetic_budgeted_calibrated/ali_last_seed46_budget0.94/telemetry.jsonl,rank_telemetry.v1,genetic_budgeted_calibrated,46,0,0,1.2743545379998977,run_start,initial_trajectory,72,758090,923978,184755674,144,,,,
NLU/output/glue/rte_allocator/genetic_budgeted_calibrated/ali_last_seed46_budget0.94/telemetry.jsonl,rank_telemetry.v1,genetic_budgeted_calibrated,46,0,200,188.84783279500016,allocation_event,trajectory,72,758090,923978,184755674,144,877270,0,false,
NLU/output/glue/rte_allocator/genetic_budgeted_calibrated/ali_last_seed46_budget0.94/telemetry.jsonl,rank_telemetry.v1,genetic_budgeted_calibrated,46,0,300,294.2268333279999,allocation_event,trajectory,72,758090,758090,184755674,144,877270,0,true,zero_rank_patience_exhausted
NLU/output/glue/rte_allocator/genetic_budgeted_calibrated/ali_last_seed46_budget0.94/telemetry.jsonl,rank_telemetry.v1,genetic_budgeted_calibrated,46,0,300,294.25098212500006,allocator_stop,trajectory,72,758090,758090,184755674,144,877270,,true,zero_rank_patience_exhausted
NLU/output/glue/rte_allocator/genetic_budgeted_calibrated/ali_last_seed46_budget0.94/telemetry.jsonl,rank_telemetry.v1,genetic_budgeted_calibrated,46,0,400,373.93553249100023,allocation_event,trajectory,72,758090,758090,184755674,144,877270,0,true,zero_rank_patience_exhausted
NLU/output/glue/rte_allocator/genetic_budgeted_calibrated/ali_last_seed46_budget0.94/telemetry.jsonl,rank_telemetry.v1,genetic_budgeted_calibrated,46,0,500,455.75597991199993,allocation_event,trajectory,72,758090,758090,184755674,144,877270,0,true,zero_rank_patience_exhausted
NLU/output/glue/rte_allocator/genetic_budgeted_calibrated/ali_last_seed46_budget0.94/telemetry.jsonl,rank_telemetry.v1,genetic_budgeted_calibrated,46,0,600,536.58004815,allocation_event,trajectory,72,758090,758090,184755674,144,877270,0,true,zero_rank_patience_exhausted
NLU/output/glue/rte_allocator/genetic_budgeted_calibrated/ali_last_seed46_budget0.94/telemetry.jsonl,rank_telemetry.v1,genetic_budgeted_calibrated,46,0,700,616.8406828719999,allocation_event,trajectory,72,758090,758090,184755674,144,877270,0,true,zero_rank_patience_exhausted
NLU/output/glue/rte_allocator/genetic_budgeted_calibrated/ali_last_seed46_budget0.94/telemetry.jsonl,rank_telemetry.v1,genetic_budgeted_calibrated,46,0,800,698.7103772800001,allocation_event,trajectory,72,758090,758090,184755674,144,877270,0,true,zero_rank_patience_exhausted
NLU/output/glue/rte_allocator/genetic_budgeted_calibrated/ali_last_seed46_budget0.94/telemetry.jsonl,rank_telemetry.v1,genetic_budgeted_calibrated,46,0,900,779.731724576,allocation_event,trajectory,72,758090,758090,184755674,144,877270,0,true,zero_rank_patience_exhausted
NLU/output/glue/rte_allocator/genetic_budgeted_calibrated/ali_last_seed46_budget0.94/telemetry.jsonl,rank_telemetry.v1,genetic_budgeted_calibrated,46,0,1000,859.8566971280002,allocation_event,trajectory,72,758090,758090,184755674,144,877270,0,true,zero_rank_patience_exhausted
NLU/output/glue/rte_allocator/genetic_budgeted_calibrated/ali_last_seed46_budget0.94/telemetry.jsonl,rank_telemetry.v1,genetic_budgeted_calibrated,46,0,1100,940.1242131670001,allocation_event,trajectory,72,758090,758090,184755674,144,877270,0,true,zero_rank_patience_exhausted
NLU/output/glue/rte_allocator/genetic_budgeted_calibrated/ali_last_seed46_budget0.94/telemetry.jsonl,rank_telemetry.v1,genetic_budgeted_calibrated,46,0,1200,1021.5144564049997,allocation_event,trajectory,72,758090,758090,184755674,144,877270,0,true,zero_rank_patience_exhausted
NLU/output/glue/rte_allocator/genetic_budgeted_calibrated/ali_last_seed46_budget0.94/telemetry.jsonl,rank_telemetry.v1,genetic_budgeted_calibrated,46,0,1300,1102.3293077990002,allocation_event,trajectory,72,758090,758090,184755674,144,877270,0,true,zero_rank_patience_exhausted
NLU/output/glue/rte_allocator/genetic_budgeted_calibrated/ali_last_seed46_budget0.94/telemetry.jsonl,rank_telemetry.v1,genetic_budgeted_calibrated,46,0,1400,1182.3026045340002,allocation_event,trajectory,72,758090,758090,184755674,144,877270,0,true,zero_rank_patience_exhausted
NLU/output/glue/rte_allocator/genetic_budgeted_calibrated/ali_last_seed46_budget0.94/telemetry.jsonl,rank_telemetry.v1,genetic_budgeted_calibrated,46,0,1500,1263.9310371479996,allocation_event,trajectory,72,758090,758090,184755674,144,877270,0,true,zero_rank_patience_exhausted
NLU/output/glue/rte_allocator/genetic_budgeted_calibrated/ali_last_seed46_budget0.94/telemetry.jsonl,rank_telemetry.v1,genetic_budgeted_calibrated,46,0,1600,1341.155055798,allocation_event,trajectory,72,758090,758090,184755674,144,877270,0,true,zero_rank_patience_exhausted
NLU/output/glue/rte_allocator/genetic_budgeted_calibrated/ali_last_seed46_budget0.94/telemetry.jsonl,rank_telemetry.v1,genetic_budgeted_calibrated,46,0,1700,1421.638879786,allocation_event,trajectory,72,758090,758090,184755674,144,877270,0,true,zero_rank_patience_exhausted
NLU/output/glue/rte_allocator/genetic_budgeted_calibrated/ali_last_seed46_budget0.94/telemetry.jsonl,rank_telemetry.v1,genetic_budgeted_calibrated,46,0,1800,1502.7337880329997,allocation_event,trajectory,72,758090,758090,184755674,144,877270,0,true,zero_rank_patience_exhausted
NLU/output/glue/rte_allocator/genetic_budgeted_calibrated/ali_last_seed46_budget0.94/telemetry.jsonl,rank_telemetry.v1,genetic_budgeted_calibrated,46,0,1900,1582.7875308069997,allocation_event,trajectory,72,758090,758090,184755674,144,877270,0,true,zero_rank_patience_exhausted
NLU/output/glue/rte_allocator/genetic_budgeted_calibrated/ali_last_seed46_budget0.94/telemetry.jsonl,rank_telemetry.v1,genetic_budgeted_calibrated,46,0,1950,1629.9343335880003,run_end,selected_best_checkpoint,72,758090,758090,184755674,144,877270,,,
NLU/output/glue/rte_allocator/genetic_budgeted_calibrated/ali_last_seed46_budget0.94/telemetry.jsonl,rank_telemetry.v1,genetic_budgeted_calibrated,46,0,1950,1629.9343335880003,run_end,final_trajectory,72,758090,758090,184755674,144,877270,,,
NLU/output/glue/rte_allocator/greedy/ali_last_seed41/telemetry.jsonl,rank_telemetry.v1,greedy,41,0,0,1.1302402000001166,run_start,initial_trajectory,72,758090,758090,184589714,72,,,,
NLU/output/glue/rte_allocator/greedy/ali_last_seed41/telemetry.jsonl,rank_telemetry.v1,greedy,41,0,200,153.59079957700123,allocation_event,trajectory,77,770383,936271,184767967,149,,5,false,
NLU/output/glue/rte_allocator/greedy/ali_last_seed41/telemetry.jsonl,rank_telemetry.v1,greedy,41,0,300,230.59720594600003,allocation_event,trajectory,82,784980,950868,184782564,154,,5,false,
NLU/output/glue/rte_allocator/greedy/ali_last_seed41/telemetry.jsonl,rank_telemetry.v1,greedy,41,0,400,306.4052773500007,allocation_event,trajectory,87,794969,960857,184792553,159,,5,false,
NLU/output/glue/rte_allocator/greedy/ali_last_seed41/telemetry.jsonl,rank_telemetry.v1,greedy,41,0,500,384.5796332230002,allocation_event,trajectory,92,809566,975454,184807150,164,,5,false,
NLU/output/glue/rte_allocator/greedy/ali_last_seed41/telemetry.jsonl,rank_telemetry.v1,greedy,41,0,600,462.75524664800105,allocation_event,trajectory,97,824163,990051,184821747,169,,5,false,
NLU/output/glue/rte_allocator/greedy/ali_last_seed41/telemetry.jsonl,rank_telemetry.v1,greedy,41,0,700,538.7665184590005,allocation_event,trajectory,102,834152,1000040,184831736,174,,5,false,
NLU/output/glue/rte_allocator/greedy/ali_last_seed41/telemetry.jsonl,rank_telemetry.v1,greedy,41,0,800,616.1184159950008,allocation_event,trajectory,107,844141,1010029,184841725,179,,5,false,
NLU/output/glue/rte_allocator/greedy/ali_last_seed41/telemetry.jsonl,rank_telemetry.v1,greedy,41,0,900,694.6367088850002,allocation_event,trajectory,112,856434,1022322,184854018,184,,5,false,
NLU/output/glue/rte_allocator/greedy/ali_last_seed41/telemetry.jsonl,rank_telemetry.v1,greedy,41,0,1000,771.5835880390023,allocation_event,trajectory,117,866423,1032311,184864007,189,,5,false,
NLU/output/glue/rte_allocator/greedy/ali_last_seed41/telemetry.jsonl,rank_telemetry.v1,greedy,41,0,1100,848.8953736330022,allocation_event,trajectory,122,876412,1042300,184873996,194,,5,false,
NLU/output/glue/rte_allocator/greedy/ali_last_seed41/telemetry.jsonl,rank_telemetry.v1,greedy,41,0,1200,927.0176555790003,allocation_event,trajectory,127,886401,1052289,184883985,199,,5,false,
NLU/output/glue/rte_allocator/greedy/ali_last_seed41/telemetry.jsonl,rank_telemetry.v1,greedy,41,0,1300,1004.2166142240003,allocation_event,trajectory,132,898694,1064582,184896278,204,,5,false,
NLU/output/glue/rte_allocator/greedy/ali_last_seed41/telemetry.jsonl,rank_telemetry.v1,greedy,41,0,1400,1081.4161774170007,allocation_event,trajectory,137,908683,1074571,184906267,209,,5,false,
NLU/output/glue/rte_allocator/greedy/ali_last_seed41/telemetry.jsonl,rank_telemetry.v1,greedy,41,0,1500,1160.4043337730018,allocation_event,trajectory,142,920976,1086864,184918560,214,,5,false,
NLU/output/glue/rte_allocator/greedy/ali_last_seed41/telemetry.jsonl,rank_telemetry.v1,greedy,41,0,1600,1238.029111807,allocation_event,trajectory,144,924050,1089938,184921634,216,,2,false,
NLU/output/glue/rte_allocator/greedy/ali_last_seed41/telemetry.jsonl,rank_telemetry.v1,greedy,41,0,1950,1510.6310485520025,run_end,selected_best_checkpoint,122,876412,1042300,184873996,194,,,,
NLU/output/glue/rte_allocator/greedy/ali_last_seed41/telemetry.jsonl,rank_telemetry.v1,greedy,41,0,1950,1510.6310485520025,run_end,final_trajectory,144,924050,1089938,184921634,216,,,,
NLU/output/glue/rte_allocator/greedy/ali_last_seed42/telemetry.jsonl,rank_telemetry.v1,greedy,42,0,0,1.053239027998643,run_start,initial_trajectory,72,758090,758090,184589714,72,,,,
NLU/output/glue/rte_allocator/greedy/ali_last_seed42/telemetry.jsonl,rank_telemetry.v1,greedy,42,0,200,153.9943631319984,allocation_event,trajectory,77,774991,940879,184772575,149,,5,false,
NLU/output/glue/rte_allocator/greedy/ali_last_seed42/telemetry.jsonl,rank_telemetry.v1,greedy,42,0,300,229.58880336400034,allocation_event,trajectory,82,787284,953172,184784868,154,,5,false,
NLU/output/glue/rte_allocator/greedy/ali_last_seed42/telemetry.jsonl,rank_telemetry.v1,greedy,42,0,400,307.23957191500085,allocation_event,trajectory,87,804185,970073,184801769,159,,5,false,
NLU/output/glue/rte_allocator/greedy/ali_last_seed42/telemetry.jsonl,rank_telemetry.v1,greedy,42,0,500,384.39474738300123,allocation_event,trajectory,92,821086,986974,184818670,164,,5,false,
NLU/output/glue/rte_allocator/greedy/ali_last_seed42/telemetry.jsonl,rank_telemetry.v1,greedy,42,0,600,461.81832219900025,allocation_event,trajectory,97,835683,1001571,184833267,169,,5,false,
NLU/output/glue/rte_allocator/greedy/ali_last_seed42/telemetry.jsonl,rank_telemetry.v1,greedy,42,0,700,540.4618932699996,allocation_event,trajectory,102,847976,1013864,184845560,174,,5,false,
NLU/output/glue/rte_allocator/greedy/ali_last_seed42/telemetry.jsonl,rank_telemetry.v1,greedy,42,0,800,618.0066535810001,allocation_event,trajectory,107,862573,1028461,184860157,179,,5,false,
NLU/output/glue/rte_allocator/greedy/ali_last_seed42/telemetry.jsonl,rank_telemetry.v1,greedy,42,0,900,695.8039878269992,allocation_event,trajectory,112,872562,1038450,184870146,184,,5,false,
NLU/output/glue/rte_allocator/greedy/ali_last_seed42/telemetry.jsonl,rank_telemetry.v1,greedy,42,0,1000,773.8433001859994,allocation_event,trajectory,117,880247,1046135,184877831,189,,5,false,
NLU/output/glue/rte_allocator/greedy/ali_last_seed42/telemetry.jsonl,rank_telemetry.v1,greedy,42,0,1100,851.3055500980008,allocation_event,trajectory,122,890236,1056124,184887820,194,,5,false,
NLU/output/glue/rte_allocator/greedy/ali_last_seed42/telemetry.jsonl,rank_telemetry.v1,greedy,42,0,1200,928.5867447659984,allocation_event,trajectory,127,902529,1068417,184900113,199,,5,false,
NLU/output/glue/rte_allocator/greedy/ali_last_seed42/telemetry.jsonl,rank_telemetry.v1,greedy,42,0,1300,1007.4764333579988,allocation_event,trajectory,132,910214,1076102,184907798,204,,5,false,
NLU/output/glue/rte_allocator/greedy/ali_last_seed42/telemetry.jsonl,rank_telemetry.v1,greedy,42,0,1400,1085.5812616660005,allocation_event,trajectory,137,924811,1090699,184922395,209,,5,false,
NLU/output/glue/rte_allocator/greedy/ali_last_seed42/telemetry.jsonl,rank_telemetry.v1,greedy,42,0,1500,1163.0695530369994,allocation_event,trajectory,142,937104,1102992,184934688,214,,5,false,
NLU/output/glue/rte_allocator/greedy/ali_last_seed42/telemetry.jsonl,rank_telemetry.v1,greedy,42,0,1600,1241.977045274998,allocation_event,trajectory,144,940178,1106066,184937762,216,,2,false,
NLU/output/glue/rte_allocator/greedy/ali_last_seed42/telemetry.jsonl,rank_telemetry.v1,greedy,42,0,1950,1516.1405192040002,run_end,selected_best_checkpoint,77,774991,940879,184772575,149,,,,
NLU/output/glue/rte_allocator/greedy/ali_last_seed42/telemetry.jsonl,rank_telemetry.v1,greedy,42,0,1950,1516.1405192040002,run_end,final_trajectory,144,940178,1106066,184937762,216,,,,
NLU/output/glue/rte_allocator/greedy/ali_last_seed43/telemetry.jsonl,rank_telemetry.v1,greedy,43,0,0,1.0655349689986906,run_start,initial_trajectory,72,758090,758090,184589714,72,,,,
NLU/output/glue/rte_allocator/greedy/ali_last_seed43/telemetry.jsonl,rank_telemetry.v1,greedy,43,0,200,154.3868250230007,allocation_event,trajectory,77,772687,938575,184770271,149,,5,false,
NLU/output/glue/rte_allocator/greedy/ali_last_seed43/telemetry.jsonl,rank_telemetry.v1,greedy,43,0,300,232.15513210599966,allocation_event,trajectory,82,789588,955476,184787172,154,,5,false,
NLU/output/glue/rte_allocator/greedy/ali_last_seed43/telemetry.jsonl,rank_telemetry.v1,greedy,43,0,400,307.5169292999999,allocation_event,trajectory,87,804185,970073,184801769,159,,5,false,
NLU/output/glue/rte_allocator/greedy/ali_last_seed43/telemetry.jsonl,rank_telemetry.v1,greedy,43,0,500,383.5973562149993,allocation_event,trajectory,92,818782,984670,184816366,164,,5,false,
NLU/output/glue/rte_allocator/greedy/ali_last_seed43/telemetry.jsonl,rank_telemetry.v1,greedy,43,0,600,459.430241484999,allocation_event,trajectory,97,833379,999267,184830963,169,,5,false,
NLU/output/glue/rte_allocator/greedy/ali_last_seed43/telemetry.jsonl,rank_telemetry.v1,greedy,43,0,700,535.3797610959991,allocation_event,trajectory,102,845672,1011560,184843256,174,,5,false,
NLU/output/glue/rte_allocator/greedy/ali_last_seed43/telemetry.jsonl,rank_telemetry.v1,greedy,43,0,800,611.4344318900003,allocation_event,trajectory,107,860269,1026157,184857853,179,,5,false,
NLU/output/glue/rte_allocator/greedy/ali_last_seed43/telemetry.jsonl,rank_telemetry.v1,greedy,43,0,900,687.9436409490008,allocation_event,trajectory,112,872562,1038450,184870146,184,,5,false,
NLU/output/glue/rte_allocator/greedy/ali_last_seed43/telemetry.jsonl,rank_telemetry.v1,greedy,43,0,1000,764.2561997269986,allocation_event,trajectory,117,884855,1050743,184882439,189,,5,false,
NLU/output/glue/rte_allocator/greedy/ali_last_seed43/telemetry.jsonl,rank_telemetry.v1,greedy,43,0,1100,840.3676345029999,allocation_event,trajectory,122,894844,1060732,184892428,194,,5,false,
NLU/output/glue/rte_allocator/greedy/ali_last_seed43/telemetry.jsonl,rank_telemetry.v1,greedy,43,0,1200,918.3924915809985,allocation_event,trajectory,127,904833,1070721,184902417,199,,5,false,
NLU/output/glue/rte_allocator/greedy/ali_last_seed43/telemetry.jsonl,rank_telemetry.v1,greedy,43,0,1300,995.6680287250019,allocation_event,trajectory,132,912518,1078406,184910102,204,,5,false,
NLU/output/glue/rte_allocator/greedy/ali_last_seed43/telemetry.jsonl,rank_telemetry.v1,greedy,43,0,1400,1072.1220360330008,allocation_event,trajectory,137,920203,1086091,184917787,209,,5,false,
NLU/output/glue/rte_allocator/greedy/ali_last_seed43/telemetry.jsonl,rank_telemetry.v1,greedy,43,0,1500,1150.235137216001,allocation_event,trajectory,142,932496,1098384,184930080,214,,5,false,
NLU/output/glue/rte_allocator/greedy/ali_last_seed43/telemetry.jsonl,rank_telemetry.v1,greedy,43,0,1600,1228.4105046190016,allocation_event,trajectory,144,935570,1101458,184933154,216,,2,false,
NLU/output/glue/rte_allocator/greedy/ali_last_seed43/telemetry.jsonl,rank_telemetry.v1,greedy,43,0,1950,1501.6323270249995,run_end,selected_best_checkpoint,144,935570,1101458,184933154,216,,,,
NLU/output/glue/rte_allocator/greedy/ali_last_seed43/telemetry.jsonl,rank_telemetry.v1,greedy,43,0,1950,1501.6323270249995,run_end,final_trajectory,144,935570,1101458,184933154,216,,,,
NLU/output/glue/rte_allocator/greedy/ali_last_seed44/telemetry.jsonl,rank_telemetry.v1,greedy,44,0,0,1.1728513519999524,run_start,initial_trajectory,72,758090,758090,184589714,72,,,,
NLU/output/glue/rte_allocator/greedy/ali_last_seed44/telemetry.jsonl,rank_telemetry.v1,greedy,44,0,200,157.74242209299996,allocation_event,trajectory,77,772687,938575,184770271,149,,5,false,
NLU/output/glue/rte_allocator/greedy/ali_last_seed44/telemetry.jsonl,rank_telemetry.v1,greedy,44,0,300,238.252589554,allocation_event,trajectory,82,787284,953172,184784868,154,,5,false,
NLU/output/glue/rte_allocator/greedy/ali_last_seed44/telemetry.jsonl,rank_telemetry.v1,greedy,44,0,400,317.364885276,allocation_event,trajectory,87,806489,972377,184804073,159,,5,false,
NLU/output/glue/rte_allocator/greedy/ali_last_seed44/telemetry.jsonl,rank_telemetry.v1,greedy,44,0,500,396.9867804349999,allocation_event,trajectory,92,821086,986974,184818670,164,,5,false,
NLU/output/glue/rte_allocator/greedy/ali_last_seed44/telemetry.jsonl,rank_telemetry.v1,greedy,44,0,600,477.86457317200006,allocation_event,trajectory,97,833379,999267,184830963,169,,5,false,
NLU/output/glue/rte_allocator/greedy/ali_last_seed44/telemetry.jsonl,rank_telemetry.v1,greedy,44,0,700,558.217929745,allocation_event,trajectory,102,847976,1013864,184845560,174,,5,false,
NLU/output/glue/rte_allocator/greedy/ali_last_seed44/telemetry.jsonl,rank_telemetry.v1,greedy,44,0,800,634.5729048769999,allocation_event,trajectory,107,857965,1023853,184855549,179,,5,false,
NLU/output/glue/rte_allocator/greedy/ali_last_seed44/telemetry.jsonl,rank_telemetry.v1,greedy,44,0,900,712.941901276,allocation_event,trajectory,112,870258,1036146,184867842,184,,5,false,
NLU/output/glue/rte_allocator/greedy/ali_last_seed44/telemetry.jsonl,rank_telemetry.v1,greedy,44,0,1000,791.176061739,allocation_event,trajectory,117,877943,1043831,184875527,189,,5,false,
NLU/output/glue/rte_allocator/greedy/ali_last_seed44/telemetry.jsonl,rank_telemetry.v1,greedy,44,0,1100,870.1486888249999,allocation_event,trajectory,122,887932,1053820,184885516,194,,5,false,
NLU/output/glue/rte_allocator/greedy/ali_last_seed44/telemetry.jsonl,rank_telemetry.v1,greedy,44,0,1200,951.1746007889999,allocation_event,trajectory,127,897921,1063809,184895505,199,,5,false,
NLU/output/glue/rte_allocator/greedy/ali_last_seed44/telemetry.jsonl,rank_telemetry.v1,greedy,44,0,1300,1033.697715972,allocation_event,trajectory,132,910214,1076102,184907798,204,,5,false,
NLU/output/glue/rte_allocator/greedy/ali_last_seed44/telemetry.jsonl,rank_telemetry.v1,greedy,44,0,1400,1114.26663342,allocation_event,trajectory,137,922507,1088395,184920091,209,,5,false,
NLU/output/glue/rte_allocator/greedy/ali_last_seed44/telemetry.jsonl,rank_telemetry.v1,greedy,44,0,1500,1195.327676072,allocation_event,trajectory,142,930192,1096080,184927776,214,,5,false,
NLU/output/glue/rte_allocator/greedy/ali_last_seed44/telemetry.jsonl,rank_telemetry.v1,greedy,44,0,1600,1278.0207987439999,allocation_event,trajectory,144,935570,1101458,184933154,216,,2,false,
NLU/output/glue/rte_allocator/greedy/ali_last_seed44/telemetry.jsonl,rank_telemetry.v1,greedy,44,0,1950,1563.123295309,run_end,selected_best_checkpoint,82,787284,953172,184784868,154,,,,
NLU/output/glue/rte_allocator/greedy/ali_last_seed44/telemetry.jsonl,rank_telemetry.v1,greedy,44,0,1950,1563.123295309,run_end,final_trajectory,144,935570,1101458,184933154,216,,,,
NLU/output/glue/rte_allocator/greedy/ali_last_seed45/telemetry.jsonl,rank_telemetry.v1,greedy,45,0,0,1.0648935310000525,run_start,initial_trajectory,72,758090,758090,184589714,72,,,,
NLU/output/glue/rte_allocator/greedy/ali_last_seed45/telemetry.jsonl,rank_telemetry.v1,greedy,45,0,200,154.93124940799999,allocation_event,trajectory,77,772687,938575,184770271,149,,5,false,
NLU/output/glue/rte_allocator/greedy/ali_last_seed45/telemetry.jsonl,rank_telemetry.v1,greedy,45,0,300,232.12690888700035,allocation_event,trajectory,82,789588,955476,184787172,154,,5,false,
NLU/output/glue/rte_allocator/greedy/ali_last_seed45/telemetry.jsonl,rank_telemetry.v1,greedy,45,0,400,308.98527164200004,allocation_event,trajectory,87,804185,970073,184801769,159,,5,false,
NLU/output/glue/rte_allocator/greedy/ali_last_seed45/telemetry.jsonl,rank_telemetry.v1,greedy,45,0,500,386.0898483830001,allocation_event,trajectory,92,818782,984670,184816366,164,,5,false,
NLU/output/glue/rte_allocator/greedy/ali_last_seed45/telemetry.jsonl,rank_telemetry.v1,greedy,45,0,600,462.7677163640001,allocation_event,trajectory,97,833379,999267,184830963,169,,5,false,
NLU/output/glue/rte_allocator/greedy/ali_last_seed45/telemetry.jsonl,rank_telemetry.v1,greedy,45,0,700,540.9156780540002,allocation_event,trajectory,102,845672,1011560,184843256,174,,5,false,
NLU/output/glue/rte_allocator/greedy/ali_last_seed45/telemetry.jsonl,rank_telemetry.v1,greedy,45,0,800,617.618753662,allocation_event,trajectory,107,855661,1021549,184853245,179,,5,false,
NLU/output/glue/rte_allocator/greedy/ali_last_seed45/telemetry.jsonl,rank_telemetry.v1,greedy,45,0,900,694.4093297500003,allocation_event,trajectory,112,865650,1031538,184863234,184,,5,false,
NLU/output/glue/rte_allocator/greedy/ali_last_seed45/telemetry.jsonl,rank_telemetry.v1,greedy,45,0,1000,774.2719175310003,allocation_event,trajectory,117,873335,1039223,184870919,189,,5,false,
NLU/output/glue/rte_allocator/greedy/ali_last_seed45/telemetry.jsonl,rank_telemetry.v1,greedy,45,0,1100,853.0494333690003,allocation_event,trajectory,122,881020,1046908,184878604,194,,5,false,
NLU/output/glue/rte_allocator/greedy/ali_last_seed45/telemetry.jsonl,rank_telemetry.v1,greedy,45,0,1200,932.7567147540003,allocation_event,trajectory,127,891009,1056897,184888593,199,,5,false,
NLU/output/glue/rte_allocator/greedy/ali_last_seed45/telemetry.jsonl,rank_telemetry.v1,greedy,45,0,1300,1014.8649140960001,allocation_event,trajectory,132,900998,1066886,184898582,204,,5,false,
NLU/output/glue/rte_allocator/greedy/ali_last_seed45/telemetry.jsonl,rank_telemetry.v1,greedy,45,0,1400,1095.9163156040004,allocation_event,trajectory,137,913291,1079179,184910875,209,,5,false,
NLU/output/glue/rte_allocator/greedy/ali_last_seed45/telemetry.jsonl,rank_telemetry.v1,greedy,45,0,1500,1175.813404606,allocation_event,trajectory,142,925584,1091472,184923168,214,,5,false,
NLU/output/glue/rte_allocator/greedy/ali_last_seed45/telemetry.jsonl,rank_telemetry.v1,greedy,45,0,1600,1259.713228825,allocation_event,trajectory,144,933266,1099154,184930850,216,,2,false,
NLU/output/glue/rte_allocator/greedy/ali_last_seed45/telemetry.jsonl,rank_telemetry.v1,greedy,45,0,1950,1546.8546184890001,run_end,selected_best_checkpoint,92,818782,984670,184816366,164,,,,
NLU/output/glue/rte_allocator/greedy/ali_last_seed45/telemetry.jsonl,rank_telemetry.v1,greedy,45,0,1950,1546.8546184890001,run_end,final_trajectory,144,933266,1099154,184930850,216,,,,
NLU/output/glue/rte_allocator/greedy/ali_last_seed46/telemetry.jsonl,rank_telemetry.v1,greedy,46,0,0,1.2197314619997996,run_start,initial_trajectory,72,758090,758090,184589714,72,,,,
NLU/output/glue/rte_allocator/greedy/ali_last_seed46/telemetry.jsonl,rank_telemetry.v1,greedy,46,0,200,169.6957189509999,allocation_event,trajectory,77,774991,940879,184772575,149,,5,false,
NLU/output/glue/rte_allocator/greedy/ali_last_seed46/telemetry.jsonl,rank_telemetry.v1,greedy,46,0,300,251.40064843899995,allocation_event,trajectory,82,791892,957780,184789476,154,,5,false,
NLU/output/glue/rte_allocator/greedy/ali_last_seed46/telemetry.jsonl,rank_telemetry.v1,greedy,46,0,400,335.77530234899996,allocation_event,trajectory,87,808793,974681,184806377,159,,5,false,
NLU/output/glue/rte_allocator/greedy/ali_last_seed46/telemetry.jsonl,rank_telemetry.v1,greedy,46,0,500,419.1851254369999,allocation_event,trajectory,92,821086,986974,184818670,164,,5,false,
NLU/output/glue/rte_allocator/greedy/ali_last_seed46/telemetry.jsonl,rank_telemetry.v1,greedy,46,0,600,501.570414538,allocation_event,trajectory,97,833379,999267,184830963,169,,5,false,
NLU/output/glue/rte_allocator/greedy/ali_last_seed46/telemetry.jsonl,rank_telemetry.v1,greedy,46,0,700,586.653479925,allocation_event,trajectory,102,847976,1013864,184845560,174,,5,false,
NLU/output/glue/rte_allocator/greedy/ali_last_seed46/telemetry.jsonl,rank_telemetry.v1,greedy,46,0,800,670.526490517,allocation_event,trajectory,107,857965,1023853,184855549,179,,5,false,
NLU/output/glue/rte_allocator/greedy/ali_last_seed46/telemetry.jsonl,rank_telemetry.v1,greedy,46,0,900,753.5060187779998,allocation_event,trajectory,112,870258,1036146,184867842,184,,5,false,
NLU/output/glue/rte_allocator/greedy/ali_last_seed46/telemetry.jsonl,rank_telemetry.v1,greedy,46,0,1000,838.945649684,allocation_event,trajectory,117,880247,1046135,184877831,189,,5,false,
NLU/output/glue/rte_allocator/greedy/ali_last_seed46/telemetry.jsonl,rank_telemetry.v1,greedy,46,0,1100,923.598708151,allocation_event,trajectory,122,892540,1058428,184890124,194,,5,false,
NLU/output/glue/rte_allocator/greedy/ali_last_seed46/telemetry.jsonl,rank_telemetry.v1,greedy,46,0,1200,1007.4026745969998,allocation_event,trajectory,127,900225,1066113,184897809,199,,5,false,
NLU/output/glue/rte_allocator/greedy/ali_last_seed46/telemetry.jsonl,rank_telemetry.v1,greedy,46,0,1300,1093.0895332799998,allocation_event,trajectory,132,907910,1073798,184905494,204,,5,false,
NLU/output/glue/rte_allocator/greedy/ali_last_seed46/telemetry.jsonl,rank_telemetry.v1,greedy,46,0,1400,1178.1885550639997,allocation_event,trajectory,137,917899,1083787,184915483,209,,5,false,
NLU/output/glue/rte_allocator/greedy/ali_last_seed46/telemetry.jsonl,rank_telemetry.v1,greedy,46,0,1500,1262.516827964,allocation_event,trajectory,142,930192,1096080,184927776,214,,5,false,
NLU/output/glue/rte_allocator/greedy/ali_last_seed46/telemetry.jsonl,rank_telemetry.v1,greedy,46,0,1600,1348.353411884,allocation_event,trajectory,144,933266,1099154,184930850,216,,2,false,
NLU/output/glue/rte_allocator/greedy/ali_last_seed46/telemetry.jsonl,rank_telemetry.v1,greedy,46,0,1950,1641.0055859719998,run_end,selected_best_checkpoint,77,774991,940879,184772575,149,,,,
NLU/output/glue/rte_allocator/greedy/ali_last_seed46/telemetry.jsonl,rank_telemetry.v1,greedy,46,0,1950,1641.0055859719998,run_end,final_trajectory,144,933266,1099154,184930850,216,,,,
